Country,Subject Descriptor,Units,Scale,Country/Series-specific Notes,2020,2021,2022,2023,2024,2025,2026,2027,Estimates Start After,
Afghanistan,"Gross domestic product, current prices",U.S. dollars,Billions,"See notes for:  Gross domestic product, current prices (National currency).",20.136,n/a,n/a,n/a,n/a,n/a,n/a,n/a,2020,
Albania,"Gross domestic product, current prices",U.S. dollars,Billions,"See notes for:  Gross domestic product, current prices (National currency).",15.161,18.310,18.256,18.842,19.858,21.219,22.528,23.889,2020,
Algeria,"Gross domestic product, current prices",U.S. dollars,Billions,"See notes for:  Gross domestic product, current prices (National currency).",144.922,162.711,187.155,190.254,196.624,205.435,215.544,224.042,2021,
Andorra,"Gross domestic product, current prices",U.S. dollars,Billions,"See notes for:  Gross domestic product, current prices (National currency).",2.885,3.330,3.302,3.360,3.517,3.680,3.835,3.985,2021,
Angola,"Gross domestic product, current prices",U.S. dollars,Billions,"See notes for:  Gross domestic product, current prices (National currency).",58.125,75.179,124.794,135.558,142.198,149.076,156.463,164.414,2021,
Antigua and Barbuda,"Gross domestic product, current prices",U.S. dollars,Billions,"See notes for:  Gross domestic product, current prices (National currency).",1.370,1.471,1.692,1.867,2.014,2.137,2.239,2.345,2020,
Argentina,"Gross domestic product, current prices",U.S. dollars,Billions,"See notes for:  Gross domestic product, current prices (National currency).",389.064,486.702,630.698,643.797,642.696,625.695,633.282,662.416,2020,
Armenia,"Gross domestic product, current prices",U.S. dollars,Billions,"See notes for:  Gross domestic product, current prices (National currency).",12.641,13.928,17.693,19.460,20.987,22.901,24.533,26.316,2021,
Aruba,"Gross domestic product, current prices",U.S. dollars,Billions,"See notes for:  Gross domestic product, current prices (National currency).",2.610,3.126,3.499,3.676,3.833,3.996,4.166,4.328,2021,
Australia,"Gross domestic product, current prices",U.S. dollars,Billions,"See notes for:  Gross domestic product, current prices (National currency).","1,357.639","1,635.255","1,724.787","1,787.948","1,837.686","1,913.523","1,994.128","2,081.613",2021,
Austria,"Gross domestic product, current prices",U.S. dollars,Billions,"See notes for:  Gross domestic product, current prices (National currency).",432.912,477.084,468.046,472.686,494.052,516.742,540.286,564.321,2021,
Azerbaijan,"Gross domestic product, current prices",U.S. dollars,Billions,"See notes for:  Gross domestic product, current prices (National currency).",42.693,54.622,70.066,71.212,75.033,79.025,82.999,87.282,2021,
The Bahamas,"Gross domestic product, current prices",U.S. dollars,Billions,"See notes for:  Gross domestic product, current prices (National currency).",9.700,11.209,12.693,13.752,14.529,15.136,15.704,16.274,2021,
Bahrain,"Gross domestic product, current prices",U.S. dollars,Billions,"See notes for:  Gross domestic product, current prices (National currency).",34.723,38.869,43.544,45.032,46.743,48.673,50.825,53.142,2020,
Bangladesh,"Gross domestic product, current prices",U.S. dollars,Billions,"See notes for:  Gross domestic product, current prices (National currency).",373.902,416.265,460.751,484.756,541.974,603.748,667.863,738.569,2022,
Barbados,"Gross domestic product, current prices",U.S. dollars,Billions,"See notes for:  Gross domestic product, current prices (National currency).",4.677,4.854,5.788,6.277,6.670,7.034,7.354,7.636,2020,
Belarus,"Gross domestic product, current prices",U.S. dollars,Billions,"See notes for:  Gross domestic product, current prices (National currency).",61.312,68.208,79.704,91.985,95.060,98.046,100.518,103.598,2020,
Belgium,"Gross domestic product, current prices",U.S. dollars,Billions,"See notes for:  Gross domestic product, current prices (National currency).",521.260,599.107,589.491,596.743,619.313,642.311,666.456,690.722,2021,
Belize,"Gross domestic product, current prices",U.S. dollars,Billions,"See notes for:  Gross domestic product, current prices (National currency).",2.019,2.426,2.676,2.858,2.980,3.101,3.227,3.358,2020,
Benin,"Gross domestic product, current prices",U.S. dollars,Billions,"See notes for:  Gross domestic product, current prices (National currency).",15.674,17.699,17.547,18.247,19.639,21.459,23.461,25.642,2021,
Bhutan,"Gross domestic product, current prices",U.S. dollars,Billions,"See notes for:  Gross domestic product, current prices (National currency).",2.421,2.442,2.707,2.958,3.244,3.554,3.868,4.196,2021,
Bolivia,"Gross domestic product, current prices",U.S. dollars,Billions,"See notes for:  Gross domestic product, current prices (National currency).",36.897,40.703,43.431,45.989,49.026,52.161,55.390,58.762,2021,
Bosnia and Herzegovina,"Gross domestic product, current prices",U.S. dollars,Billions,"See notes for:  Gross domestic product, current prices (National currency).",19.951,23.365,23.681,24.531,26.253,27.831,29.525,31.273,2021,
Botswana,"Gross domestic product, current prices",U.S. dollars,Billions,"See notes for:  Gross domestic product, current prices (National currency).",14.930,17.614,18.005,18.668,20.084,21.484,23.199,25.058,2021,
Brazil,"Gross domestic product, current prices",U.S. dollars,Billions,"See notes for:  Gross domestic product, current prices (National currency).","1,448.550","1,608.080","1,894.708","2,059.443","2,200.916","2,319.460","2,436.707","2,568.056",2021,
Brunei Darussalam,"Gross domestic product, current prices",U.S. dollars,Billions,"See notes for:  Gross domestic product, current prices (National currency).",12.006,14.006,18.464,17.937,18.080,18.366,18.705,19.313,2021,
Bulgaria,"Gross domestic product, current prices",U.S. dollars,Billions,"See notes for:  Gross domestic product, current prices (National currency).",69.995,80.327,85.008,89.333,95.202,100.451,106.257,112.542,2021,
Burkina Faso,"Gross domestic product, current prices",U.S. dollars,Billions,"See notes for:  Gross domestic product, current prices (National currency).",17.378,19.095,18.268,18.946,20.382,21.996,23.779,25.530,2020,
Burundi,"Gross domestic product, current prices",U.S. dollars,Billions,"See notes for:  Gross domestic product, current prices (National currency).",3.086,3.351,3.686,3.995,4.351,4.741,5.113,5.497,2019,
Cabo Verde,"Gross domestic product, current prices",U.S. dollars,Billions,"See notes for:  Gross domestic product, current prices (National currency).",1.871,2.112,2.053,2.140,2.315,2.507,2.704,2.900,2020,
Cambodia,"Gross domestic product, current prices",U.S. dollars,Billions,"See notes for:  Gross domestic product, current prices (National currency).",25.192,26.313,28.330,30.708,33.322,36.115,39.188,42.509,2020,
Cameroon,"Gross domestic product, current prices",U.S. dollars,Billions,"See notes for:  Gross domestic product, current prices (National currency).",40.863,45.391,44.212,46.017,49.690,53.582,57.718,62.158,2021,
Canada,"Gross domestic product, current prices",U.S. dollars,Billions,"See notes for:  Gross domestic product, current prices (National currency).","1,645.423","1,988.336","2,200.352","2,326.620","2,420.683","2,531.243","2,630.342","2,728.384",2021,
Central African Republic,"Gross domestic product, current prices",U.S. dollars,Billions,"See notes for:  Gross domestic product, current prices (National currency).",2.389,2.584,2.488,2.639,2.826,3.029,3.243,3.466,2020,
Chad,"Gross domestic product, current prices",U.S. dollars,Billions,"See notes for:  Gross domestic product, current prices (National currency).",10.728,11.796,12.945,13.523,14.228,15.016,15.901,16.832,2017,
Chile,"Gross domestic product, current prices",U.S. dollars,Billions,"See notes for:  Gross domestic product, current prices (National currency).",252.346,316.770,310.866,347.570,358.787,375.109,390.696,407.865,2021,
China,"Gross domestic product, current prices",U.S. dollars,Billions,"See notes for:  Gross domestic product, current prices (National currency).","14,862.564","17,744.640","18,321.197","19,243.974","20,699.148","22,404.019","24,295.368","26,437.719",2021,
Colombia,"Gross domestic product, current prices",U.S. dollars,Billions,"See notes for:  Gross domestic product, current prices (National currency).",270.415,314.409,342.919,361.941,380.374,400.263,421.988,444.716,2021,
Comoros,"Gross domestic product, current prices",U.S. dollars,Billions,"See notes for:  Gross domestic product, current prices (National currency).",1.218,1.284,1.242,1.290,1.361,1.454,1.558,1.669,2019,
Democratic Republic of the Congo,"Gross domestic product, current prices",U.S. dollars,Billions,"See notes for:  Gross domestic product, current prices (National currency).",48.707,56.553,63.909,70.354,77.165,84.531,92.487,100.813,2020,
Republic of Congo,"Gross domestic product, current prices",U.S. dollars,Billions,"See notes for:  Gross domestic product, current prices (National currency).",10.330,12.641,14.486,14.338,15.127,15.329,15.589,16.355,2019,
Costa Rica,"Gross domestic product, current prices",U.S. dollars,Billions,"See notes for:  Gross domestic product, current prices (National currency).",62.144,64.417,68.489,72.958,76.090,79.906,84.166,88.648,2021,
Côte d'Ivoire,"Gross domestic product, current prices",U.S. dollars,Billions,"See notes for:  Gross domestic product, current prices (National currency).",61.437,70.080,68.630,72.689,79.169,86.174,93.406,100.495,2019,
Croatia,"Gross domestic product, current prices",U.S. dollars,Billions,"See notes for:  Gross domestic product, current prices (National currency).",57.203,67.707,69.380,73.490,78.740,83.843,88.370,92.762,2021,
Cyprus,"Gross domestic product, current prices",U.S. dollars,Billions,"See notes for:  Gross domestic product, current prices (National currency).",24.672,27.738,26.705,27.592,28.822,30.510,32.365,34.431,2021,
Czech Republic,"Gross domestic product, current prices",U.S. dollars,Billions,"See notes for:  Gross domestic product, current prices (National currency).",245.975,281.778,295.618,314.718,337.756,360.228,380.650,400.728,2021,
Denmark,"Gross domestic product, current prices",U.S. dollars,Billions,"See notes for:  Gross domestic product, current prices (National currency).",355.223,398.303,386.724,393.978,412.973,432.508,452.560,473.709,2021,
Djibouti,"Gross domestic product, current prices",U.S. dollars,Billions,"See notes for:  Gross domestic product, current prices (National currency).",3.181,3.372,3.725,3.984,4.348,4.723,5.131,5.576,2020,
Dominica,"Gross domestic product, current prices",U.S. dollars,Billions,"See notes for:  Gross domestic product, current prices (National currency).",0.504,0.537,0.599,0.658,0.702,0.746,0.779,0.815,2020,
Dominican Republic,"Gross domestic product, current prices",U.S. dollars,Billions,"See notes for:  Gross domestic product, current prices (National currency).",78.923,94.714,112.417,122.324,131.293,140.335,150.143,160.813,2021,
Ecuador,"Gross domestic product, current prices",U.S. dollars,Billions,"See notes for:  Gross domestic product, current prices (National currency).",99.291,106.166,115.469,120.292,124.578,128.795,133.155,137.663,2021,
Egypt,"Gross domestic product, current prices",U.S. dollars,Billions,"See notes for:  Gross domestic product, current prices (National currency).",382.521,423.145,469.094,471.364,510.851,558.074,608.773,663.990,2021,
El Salvador,"Gross domestic product, current prices",U.S. dollars,Billions,"See notes for:  Gross domestic product, current prices (National currency).",24.563,28.737,31.989,33.418,34.484,35.606,36.761,37.898,2021,
Equatorial Guinea,"Gross domestic product, current prices",U.S. dollars,Billions,"See notes for:  Gross domestic product, current prices (National currency).",10.099,12.269,16.877,15.576,13.725,13.792,13.743,14.136,2021,
Eritrea,"Gross domestic product, current prices",U.S. dollars,Billions,"See notes for:  Gross domestic product, current prices (National currency).",2.112,2.201,2.369,2.608,2.816,3.057,3.331,3.636,2019,
Estonia,"Gross domestic product, current prices",U.S. dollars,Billions,"See notes for:  Gross domestic product, current prices (National currency).",31.345,37.216,39.054,41.533,44.341,47.410,50.549,53.557,2021,
Eswatini,"Gross domestic product, current prices",U.S. dollars,Billions,"See notes for:  Gross domestic product, current prices (National currency).",3.984,4.744,4.669,4.873,5.153,5.402,5.657,5.925,2020,
Ethiopia,"Gross domestic product, current prices",U.S. dollars,Billions,"See notes for:  Gross domestic product, current prices (National currency).",96.611,99.269,111.181,126.186,140.047,156.811,175.401,192.093,2021,
Fiji,"Gross domestic product, current prices",U.S. dollars,Billions,"See notes for:  Gross domestic product, current prices (National currency).",4.477,4.296,4.859,5.368,6.022,6.459,6.870,7.258,2021,
Finland,"Gross domestic product, current prices",U.S. dollars,Billions,"See notes for:  Gross domestic product, current prices (National currency).",271.610,297.575,281.411,283.507,292.464,303.574,315.645,328.216,2021,
France,"Gross domestic product, current prices",U.S. dollars,Billions,"See notes for:  Gross domestic product, current prices (National currency).","2,636.022","2,957.425","2,778.090","2,806.690","2,932.363","3,057.215","3,179.463","3,299.722",2021,
Gabon,"Gross domestic product, current prices",U.S. dollars,Billions,"See notes for:  Gross domestic product, current prices (National currency).",15.339,20.242,22.221,21.545,22.186,23.063,24.143,25.381,2021,
The Gambia,"Gross domestic product, current prices",U.S. dollars,Billions,"See notes for:  Gross domestic product, current prices (National currency).",1.809,2.034,2.172,2.333,2.516,2.714,2.900,3.106,2020,
Georgia,"Gross domestic product, current prices",U.S. dollars,Billions,"See notes for:  Gross domestic product, current prices (National currency).",15.846,18.696,25.172,26.947,29.564,32.347,35.323,38.503,2021,
Germany,"Gross domestic product, current prices",U.S. dollars,Billions,"See notes for:  Gross domestic product, current prices (National currency).","3,886.555","4,262.767","4,031.149","4,120.242","4,337.385","4,546.514","4,740.723","4,925.000",2021,
Ghana,"Gross domestic product, current prices",U.S. dollars,Billions,"See notes for:  Gross domestic product, current prices (National currency).",70.008,79.157,75.996,70.086,73.000,76.966,81.754,87.570,2021,
Greece,"Gross domestic product, current prices",U.S. dollars,Billions,"See notes for:  Gross domestic product, current prices (National currency).",188.684,216.384,222.008,226.347,235.285,244.784,254.615,262.825,2021,
Grenada,"Gross domestic product, current prices",U.S. dollars,Billions,"See notes for:  Gross domestic product, current prices (National currency).",1.043,1.115,1.192,1.276,1.351,1.426,1.503,1.580,2021,
Guatemala,"Gross domestic product, current prices",U.S. dollars,Billions,"See notes for:  Gross domestic product, current prices (National currency).",77.625,85.974,91.318,95.596,102.883,110.238,117.947,126.140,2021,
Guinea,"Gross domestic product, current prices",U.S. dollars,Billions,"See notes for:  Gross domestic product, current prices (National currency).",14.178,16.146,19.745,21.738,23.301,24.929,26.551,28.436,2020,
Guinea-Bissau,"Gross domestic product, current prices",U.S. dollars,Billions,"See notes for:  Gross domestic product, current prices (National currency).",1.523,1.703,1.624,1.692,1.833,1.992,2.164,2.336,2018,
Guyana,"Gross domestic product, current prices",U.S. dollars,Billions,"See notes for:  Gross domestic product, current prices (National currency).",5.471,7.717,14.839,16.804,18.999,22.926,27.704,28.421,2021,
Haiti,"Gross domestic product, current prices",U.S. dollars,Billions,"See notes for:  Gross domestic product, current prices (National currency).",14.508,21.017,20.182,21.910,22.662,23.438,24.266,25.040,2021,
Honduras,"Gross domestic product, current prices",U.S. dollars,Billions,"See notes for:  Gross domestic product, current prices (National currency).",23.827,28.490,30.568,32.259,33.598,35.430,37.633,39.928,2021,
Hong Kong SAR,"Gross domestic product, current prices",U.S. dollars,Billions,"See notes for:  Gross domestic product, current prices (National currency).",344.923,369.158,368.373,387.458,406.741,427.253,449.383,470.980,2021,
Hungary,"Gross domestic product, current prices",U.S. dollars,Billions,"See notes for:  Gross domestic product, current prices (National currency).",156.743,182.281,184.651,195.631,211.679,226.277,241.233,256.710,2021,
Iceland,"Gross domestic product, current prices",U.S. dollars,Billions,"See notes for:  Gross domestic product, current prices (National currency).",21.695,25.602,27.702,29.623,32.169,34.390,36.898,39.546,2020,
India,"Gross domestic product, current prices",U.S. dollars,Billions,"See notes for:  Gross domestic product, current prices (National currency).","2,667.686","3,176.296","3,468.566","3,820.573","4,170.220","4,547.164","4,947.391","5,365.546",2022,
Indonesia,"Gross domestic product, current prices",U.S. dollars,Billions,"See notes for:  Gross domestic product, current prices (National currency).","1,062.164","1,187.319","1,289.429","1,388.683","1,506.988","1,631.636","1,762.100","1,901.182",2021,
Islamic Republic of Iran,"Gross domestic product, current prices",U.S. dollars,Billions,"See notes for:  Gross domestic product, current prices (National currency).",971.223,"1,589.869","1,973.738","2,044.152","2,135.731","2,230.619","2,329.979","2,438.559",2022,
Iraq,"Gross domestic product, current prices",U.S. dollars,Billions,"See notes for:  Gross domestic product, current prices (National currency).",169.444,206.747,282.876,273.921,279.190,286.266,296.527,309.721,2021,
Ireland,"Gross domestic product, current prices",U.S. dollars,Billions,"See notes for:  Gross domestic product, current prices (National currency).",425.511,504.517,519.776,549.088,594.177,630.818,670.652,712.041,2021,
Israel,"Gross domestic product, current prices",U.S. dollars,Billions,"See notes for:  Gross domestic product, current prices (National currency).",413.268,488.527,527.179,564.150,591.327,618.796,647.424,678.594,2021,
Italy,"Gross domestic product, current prices",U.S. dollars,Billions,"See notes for:  Gross domestic product, current prices (National currency).","1,891.058","2,101.275","1,996.934","1,991.008","2,059.410","2,133.080","2,213.716","2,289.808",2021,
Jamaica,"Gross domestic product, current prices",U.S. dollars,Billions,"See notes for:  Gross domestic product, current prices (National currency).",13.967,15.386,16.104,16.436,16.973,17.875,18.610,19.336,2020,
Japan,"Gross domestic product, current prices",U.S. dollars,Billions,"See notes for:  Gross domestic product, current prices (National currency).","5,031.620","4,932.556","4,300.621","4,365.976","4,568.729","4,811.640","5,009.999","5,172.103",2021,
Jordan,"Gross domestic product, current prices",U.S. dollars,Billions,"See notes for:  Gross domestic product, current prices (National currency).",43.759,45.307,48.066,50.837,53.667,56.819,60.158,63.693,2020,
Kazakhstan,"Gross domestic product, current prices",U.S. dollars,Billions,"See notes for:  Gross domestic product, current prices (National currency).",171.082,197.112,224.338,243.396,254.352,264.668,275.066,283.368,2021,
Kenya,"Gross domestic product, current prices",U.S. dollars,Billions,"See notes for:  Gross domestic product, current prices (National currency).",100.931,110.519,114.858,117.559,125.104,134.241,143.964,153.410,2021,
Kiribati,"Gross domestic product, current prices",U.S. dollars,Billions,"See notes for:  Gross domestic product, current prices (National currency).",0.182,0.207,0.207,0.218,0.229,0.239,0.249,0.259,2020,
Korea,"Gross domestic product, current prices",U.S. dollars,Billions,"See notes for:  Gross domestic product, current prices (National currency).","1,644.676","1,810.966","1,734.207","1,792.467","1,879.043","1,961.830","2,048.476","2,137.201",2021,
Kosovo,"Gross domestic product, current prices",U.S. dollars,Billions,"See notes for:  Gross domestic product, current prices (National currency).",7.728,9.068,9.242,9.815,10.516,11.242,11.945,12.622,2021,
Kuwait,"Gross domestic product, current prices",U.S. dollars,Billions,"See notes for:  Gross domestic product, current prices (National currency).",105.949,135.761,183.568,172.590,172.008,173.821,177.288,181.137,2020,
Kyrgyz Republic,"Gross domestic product, current prices",U.S. dollars,Billions,"See notes for:  Gross domestic product, current prices (National currency).",7.792,8.538,9.750,10.880,11.610,12.386,13.197,13.955,2021,
Lao P.D.R.,"Gross domestic product, current prices",U.S. dollars,Billions,"See notes for:  Gross domestic product, current prices (National currency).",18.524,18.546,16.250,15.042,14.845,15.281,16.205,17.210,2020,
Latvia,"Gross domestic product, current prices",U.S. dollars,Billions,"See notes for:  Gross domestic product, current prices (National currency).",33.619,38.898,40.588,42.925,45.719,48.585,51.737,55.100,2021,
Lebanon,"Gross domestic product, current prices",U.S. dollars,Billions,"See notes for:  Gross domestic product, current prices (National currency).",24.494,n/a,n/a,n/a,n/a,n/a,n/a,n/a,2020,
Lesotho,"Gross domestic product, current prices",U.S. dollars,Billions,"See notes for:  Gross domestic product, current prices (National currency).",2.060,2.465,2.507,2.583,2.700,2.833,2.931,3.010,2021,
Liberia,"Gross domestic product, current prices",U.S. dollars,Billions,"See notes for:  Gross domestic product, current prices (National currency).",3.037,3.509,3.900,4.178,4.231,4.482,4.810,5.207,2016,
Libya,"Gross domestic product, current prices",U.S. dollars,Billions,"See notes for:  Gross domestic product, current prices (National currency).",46.882,39.007,40.836,43.750,45.620,47.732,49.114,50.540,2021,
Lithuania,"Gross domestic product, current prices",U.S. dollars,Billions,"See notes for:  Gross domestic product, current prices (National currency).",56.502,65.547,68.031,72.629,78.004,83.234,88.437,93.396,2021,
Luxembourg,"Gross domestic product, current prices",U.S. dollars,Billions,"See notes for:  Gross domestic product, current prices (National currency).",73.294,86.768,82.154,84.033,89.143,93.884,98.831,104.098,2020,
Macao SAR,"Gross domestic product, current prices",U.S. dollars,Billions,"See notes for:  Gross domestic product, current prices (National currency).",25.586,29.905,23.420,39.436,53.213,60.852,65.631,69.214,2021,
Madagascar,"Gross domestic product, current prices",U.S. dollars,Billions,"See notes for:  Gross domestic product, current prices (National currency).",13.056,14.284,15.106,16.063,17.183,18.578,20.063,21.808,2018,
Malawi,"Gross domestic product, current prices",U.S. dollars,Billions,"See notes for:  Gross domestic product, current prices (National currency).",11.847,12.001,11.554,10.968,11.276,11.677,12.260,12.997,2020,
Malaysia,"Gross domestic product, current prices",U.S. dollars,Billions,"See notes for:  Gross domestic product, current prices (National currency).",337.612,373.034,434.059,467.459,503.110,539.616,577.156,615.011,2021,
Maldives,"Gross domestic product, current prices",U.S. dollars,Billions,"See notes for:  Gross domestic product, current prices (National currency).",3.736,5.204,5.900,6.533,7.098,7.645,8.229,8.860,2020,
Mali,"Gross domestic product, current prices",U.S. dollars,Billions,"See notes for:  Gross domestic product, current prices (National currency).",17.491,19.151,18.434,19.388,20.995,22.408,24.239,25.960,2020,
Malta,"Gross domestic product, current prices",U.S. dollars,Billions,"See notes for:  Gross domestic product, current prices (National currency).",14.921,17.376,17.156,17.738,18.685,19.817,21.018,22.275,2021,
Marshall Islands,"Gross domestic product, current prices",U.S. dollars,Billions,"See notes for:  Gross domestic product, current prices (National currency).",0.244,0.257,0.271,0.286,0.298,0.310,0.321,0.332,2021,
Mauritania,"Gross domestic product, current prices",U.S. dollars,Billions,"See notes for:  Gross domestic product, current prices (National currency).",8.612,9.892,10.091,10.481,11.952,12.603,12.907,13.260,2021,
Mauritius,"Gross domestic product, current prices",U.S. dollars,Billions,"See notes for:  Gross domestic product, current prices (National currency).",10.921,11.157,11.497,12.404,13.472,14.401,15.209,15.913,2021,
Mexico,"Gross domestic product, current prices",U.S. dollars,Billions,"See notes for:  Gross domestic product, current prices (National currency).","1,089.827","1,297.661","1,424.533","1,476.407","1,527.077","1,586.437","1,650.396","1,718.575",2021,
Micronesia,"Gross domestic product, current prices",U.S. dollars,Billions,"See notes for:  Gross domestic product, current prices (National currency).",0.412,0.407,0.428,0.453,0.475,0.489,0.503,0.516,2018,
Moldova,"Gross domestic product, current prices",U.S. dollars,Billions,"See notes for:  Gross domestic product, current prices (National currency).",11.530,13.672,14.048,14.333,15.022,16.249,17.489,18.781,2021,
Mongolia,"Gross domestic product, current prices",U.S. dollars,Billions,"See notes for:  Gross domestic product, current prices (National currency).",13.313,15.286,15.720,16.596,18.551,20.378,22.139,23.821,2021,
Montenegro,"Gross domestic product, current prices",U.S. dollars,Billions,"See notes for:  Gross domestic product, current prices (National currency).",4.777,5.865,6.127,6.674,7.211,7.642,8.085,8.547,2021,
Morocco,"Gross domestic product, current prices",U.S. dollars,Billions,"See notes for:  Gross domestic product, current prices (National currency).",121.348,142.867,142.874,150.590,158.721,167.411,176.308,185.894,2021,
Mozambique,"Gross domestic product, current prices",U.S. dollars,Billions,"See notes for:  Gross domestic product, current prices (National currency).",14.157,15.777,17.873,19.623,21.761,23.225,26.835,30.805,2021,
Myanmar,"Gross domestic product, current prices",U.S. dollars,Billions,"See notes for:  Gross domestic product, current prices (National currency).",81.257,65.160,59.530,63.561,67.169,70.877,74.900,79.405,2020,
Namibia,"Gross domestic product, current prices",U.S. dollars,Billions,"See notes for:  Gross domestic product, current prices (National currency).",10.581,12.307,12.488,13.359,14.084,14.776,15.451,16.170,2021,
Nauru,"Gross domestic product, current prices",U.S. dollars,Billions,"See notes for:  Gross domestic product, current prices (National currency).",0.114,0.133,0.134,0.138,0.142,0.144,0.146,0.149,2019,
Nepal,"Gross domestic product, current prices",U.S. dollars,Billions,"See notes for:  Gross domestic product, current prices (National currency).",33.757,35.848,39.028,42.128,46.410,50.644,54.952,59.669,2020,
Netherlands,"Gross domestic product, current prices",U.S. dollars,Billions,"See notes for:  Gross domestic product, current prices (National currency).",909.065,"1,013.520",990.583,"1,019.762","1,076.955","1,125.462","1,173.478","1,223.357",2021,
New Zealand,"Gross domestic product, current prices",U.S. dollars,Billions,"See notes for:  Gross domestic product, current prices (National currency).",210.510,246.974,242.700,253.584,264.967,278.002,291.746,306.929,2021,
Nicaragua,"Gross domestic product, current prices",U.S. dollars,Billions,"See notes for:  Gross domestic product, current prices (National currency).",12.586,14.001,15.695,16.962,17.900,18.927,19.935,20.996,2021,
Niger,"Gross domestic product, current prices",U.S. dollars,Billions,"See notes for:  Gross domestic product, current prices (National currency).",13.758,14.959,14.639,15.524,17.861,19.828,21.577,23.485,2020,
Nigeria,"Gross domestic product, current prices",U.S. dollars,Billions,"See notes for:  Gross domestic product, current prices (National currency).",429.423,441.541,504.203,574.271,651.340,737.970,835.822,945.341,2020,
North Macedonia,"Gross domestic product, current prices",U.S. dollars,Billions,"See notes for:  Gross domestic product, current prices (National currency).",12.138,13.889,14.101,15.024,16.130,17.281,18.511,19.790,2021,
Norway,"Gross domestic product, current prices",U.S. dollars,Billions,"See notes for:  Gross domestic product, current prices (National currency).",362.198,482.175,504.703,486.374,495.142,502.849,509.589,522.617,2021,
Oman,"Gross domestic product, current prices",U.S. dollars,Billions,"See notes for:  Gross domestic product, current prices (National currency).",73.971,85.869,108.969,110.792,110.447,111.051,112.917,115.643,2021,
Pakistan,"Gross domestic product, current prices",U.S. dollars,Billions,"See notes for:  Gross domestic product, current prices (National currency).",300.410,348.227,376.493,n/a,n/a,n/a,n/a,n/a,2021,
Palau,"Gross domestic product, current prices",U.S. dollars,Billions,"See notes for:  Gross domestic product, current prices (National currency).",0.252,0.218,0.226,0.272,0.309,0.330,0.346,0.360,2021,
Panama,"Gross domestic product, current prices",U.S. dollars,Billions,"See notes for:  Gross domestic product, current prices (National currency).",53.977,63.605,71.085,76.382,81.785,87.175,92.920,99.043,2021,
Papua New Guinea,"Gross domestic product, current prices",U.S. dollars,Billions,"See notes for:  Gross domestic product, current prices (National currency).",24.670,27.339,31.362,33.343,34.742,36.306,38.507,40.929,2019,
Paraguay,"Gross domestic product, current prices",U.S. dollars,Billions,"See notes for:  Gross domestic product, current prices (National currency).",35.432,38.820,41.855,44.623,47.017,50.181,52.999,56.118,2020,
Peru,"Gross domestic product, current prices",U.S. dollars,Billions,"See notes for:  Gross domestic product, current prices (National currency).",205.820,225.938,239.333,253.757,266.827,279.700,293.198,307.420,2021,
Philippines,"Gross domestic product, current prices",U.S. dollars,Billions,"See notes for:  Gross domestic product, current prices (National currency).",361.751,394.086,401.662,425.655,456.876,492.605,531.141,572.708,2021,
Poland,"Gross domestic product, current prices",U.S. dollars,Billions,"See notes for:  Gross domestic product, current prices (National currency).",599.798,679.067,716.305,753.875,811.193,875.131,924.773,979.330,2021,
Portugal,"Gross domestic product, current prices",U.S. dollars,Billions,"See notes for:  Gross domestic product, current prices (National currency).",228.356,250.055,255.854,261.173,275.887,290.500,304.730,319.410,2021,
Puerto Rico,"Gross domestic product, current prices",U.S. dollars,Billions,"See notes for:  Gross domestic product, current prices (National currency).",103.138,108.476,118.677,123.350,124.277,126.034,128.454,131.434,2020,
Qatar,"Gross domestic product, current prices",U.S. dollars,Billions,"See notes for:  Gross domestic product, current prices (National currency).",144.411,179.677,221.369,234.032,232.815,236.444,246.153,256.212,2020,
Romania,"Gross domestic product, current prices",U.S. dollars,Billions,"See notes for:  Gross domestic product, current prices (National currency).",249.512,284.086,299.885,311.546,337.212,363.459,388.934,415.811,2021,
Russia,"Gross domestic product, current prices",U.S. dollars,Billions,"See notes for:  Gross domestic product, current prices (National currency).","1,484.416","1,778.530","2,133.092","2,136.222","2,146.696","2,159.102","2,195.208","2,235.806",2021,
Rwanda,"Gross domestic product, current prices",U.S. dollars,Billions,"See notes for:  Gross domestic product, current prices (National currency).",10.185,11.067,12.098,13.116,13.998,15.149,16.188,17.516,2021,
Samoa,"Gross domestic product, current prices",U.S. dollars,Billions,"See notes for:  Gross domestic product, current prices (National currency).",0.869,0.844,0.830,0.835,0.886,0.932,0.976,1.018,2021,
San Marino,"Gross domestic product, current prices",U.S. dollars,Billions,"See notes for:  Gross domestic product, current prices (National currency).",1.543,1.703,1.623,1.621,1.678,1.742,1.806,1.873,2020,
São Tomé and Príncipe,"Gross domestic product, current prices",U.S. dollars,Billions,"See notes for:  Gross domestic product, current prices (National currency).",0.477,0.518,0.506,0.534,0.572,0.617,0.674,0.734,2020,
Saudi Arabia,"Gross domestic product, current prices",U.S. dollars,Billions,"See notes for:  Gross domestic product, current prices (National currency).",703.368,833.541,"1,010.588",996.390,"1,016.690","1,044.229","1,077.590","1,116.113",2021,
Senegal,"Gross domestic product, current prices",U.S. dollars,Billions,"See notes for:  Gross domestic product, current prices (National currency).",24.534,27.640,27.542,29.773,33.713,36.252,39.068,42.128,2021,
Serbia,"Gross domestic product, current prices",U.S. dollars,Billions,"See notes for:  Gross domestic product, current prices (National currency).",53.335,63.068,62.721,68.679,75.633,82.869,89.978,97.487,2021,
Seychelles,"Gross domestic product, current prices",U.S. dollars,Billions,"See notes for:  Gross domestic product, current prices (National currency).",1.262,1.457,2.005,2.128,2.280,2.448,2.611,2.743,2021,
Sierra Leone,"Gross domestic product, current prices",U.S. dollars,Billions,"See notes for:  Gross domestic product, current prices (National currency).",4.059,4.148,4.101,3.999,4.194,4.442,4.662,4.900,2021,
Singapore,"Gross domestic product, current prices",U.S. dollars,Billions,"See notes for:  Gross domestic product, current prices (National currency).",345.286,396.992,423.632,447.159,470.114,491.196,513.495,536.753,2021,
Slovak Republic,"Gross domestic product, current prices",U.S. dollars,Billions,"See notes for:  Gross domestic product, current prices (National currency).",105.088,114.947,112.418,122.026,131.897,140.450,148.934,157.224,2021,
Slovenia,"Gross domestic product, current prices",U.S. dollars,Billions,"See notes for:  Gross domestic product, current prices (National currency).",53.664,61.790,62.191,65.202,70.043,74.715,79.451,84.244,2021,
Solomon Islands,"Gross domestic product, current prices",U.S. dollars,Billions,"See notes for:  Gross domestic product, current prices (National currency).",1.536,1.632,1.601,1.702,1.812,1.935,2.066,2.201,2020,
Somalia,"Gross domestic product, current prices",U.S. dollars,Billions,"See notes for:  Gross domestic product, current prices (National currency).",6.883,7.628,8.416,9.011,9.808,10.690,11.637,12.664,2021,
South Africa,"Gross domestic product, current prices",U.S. dollars,Billions,"See notes for:  Gross domestic product, current prices (National currency).",337.521,418.907,411.480,422.336,438.571,455.357,472.606,490.575,2021,
South Sudan,"Gross domestic product, current prices",U.S. dollars,Billions,"See notes for:  Gross domestic product, current prices (National currency).",6.710,5.167,4.784,8.549,10.872,11.889,12.469,13.197,2018,
Spain,"Gross domestic product, current prices",U.S. dollars,Billions,"See notes for:  Gross domestic product, current prices (National currency).","1,280.459","1,426.224","1,389.927","1,421.012","1,508.902","1,592.979","1,668.502","1,738.435",2021,
Sri Lanka,"Gross domestic product, current prices",U.S. dollars,Billions,"See notes for:  Gross domestic product, current prices (National currency).",85.349,88.979,73.739,n/a,n/a,n/a,n/a,n/a,2021,
St. Kitts and Nevis,"Gross domestic product, current prices",U.S. dollars,Billions,"See notes for:  Gross domestic product, current prices (National currency).",0.981,0.950,1.115,1.201,1.280,1.338,1.402,1.469,2020,
St. Lucia,"Gross domestic product, current prices",U.S. dollars,Billions,"See notes for:  Gross domestic product, current prices (National currency).",1.516,1.691,1.972,2.153,2.294,2.399,2.500,2.600,2021,
St. Vincent and the Grenadines,"Gross domestic product, current prices",U.S. dollars,Billions,"See notes for:  Gross domestic product, current prices (National currency).",0.872,0.881,0.948,1.047,1.119,1.181,1.237,1.296,2020,
Sudan,"Gross domestic product, current prices",U.S. dollars,Billions,"See notes for:  Gross domestic product, current prices (National currency).",34.379,35.140,42.762,44.514,47.860,52.136,56.583,61.104,2019,
Suriname,"Gross domestic product, current prices",U.S. dollars,Billions,"See notes for:  Gross domestic product, current prices (National currency).",2.884,2.854,3.011,3.145,3.266,3.403,3.567,3.768,2020,
Sweden,"Gross domestic product, current prices",U.S. dollars,Billions,"See notes for:  Gross domestic product, current prices (National currency).",547.054,635.664,603.922,653.962,693.150,732.622,769.870,808.674,2021,
Switzerland,"Gross domestic product, current prices",U.S. dollars,Billions,"See notes for:  Gross domestic product, current prices (National currency).",738.998,799.796,807.418,834.596,878.422,914.533,963.364,"1,003.347",2021,
Syria,"Gross domestic product, current prices",U.S. dollars,Billions,"See notes for:  Gross domestic product, current prices (National currency).",n/a,n/a,n/a,n/a,n/a,n/a,n/a,n/a,2010,
Taiwan Province of China,"Gross domestic product, current prices",U.S. dollars,Billions,"See notes for:  Gross domestic product, current prices (National currency).",669.250,774.728,828.659,858.972,901.616,948.513,996.821,"1,045.227",2021,
Tajikistan,"Gross domestic product, current prices",U.S. dollars,Billions,"See notes for:  Gross domestic product, current prices (National currency).",8.134,8.746,9.983,10.509,11.312,11.819,12.560,13.513,2020,
Tanzania,"Gross domestic product, current prices",U.S. dollars,Billions,"See notes for:  Gross domestic product, current prices (National currency).",64.403,70.309,76.582,84.932,93.314,101.547,110.860,121.313,2021,
Thailand,"Gross domestic product, current prices",U.S. dollars,Billions,"See notes for:  Gross domestic product, current prices (National currency).",499.750,505.902,534.758,580.688,597.570,640.201,672.959,732.235,2021,
Timor-Leste,"Gross domestic product, current prices",U.S. dollars,Billions,"See notes for:  Gross domestic product, current prices (National currency).",1.902,2.358,2.455,2.085,2.190,2.332,2.484,2.661,2020,
Togo,"Gross domestic product, current prices",U.S. dollars,Billions,"See notes for:  Gross domestic product, current prices (National currency).",7.586,8.430,8.359,8.986,9.802,10.713,11.718,12.729,2020,
Tonga,"Gross domestic product, current prices",U.S. dollars,Billions,"See notes for:  Gross domestic product, current prices (National currency).",0.490,0.470,0.501,0.536,0.566,0.592,0.614,0.634,2021,
Trinidad and Tobago,"Gross domestic product, current prices",U.S. dollars,Billions,"See notes for:  Gross domestic product, current prices (National currency).",21.393,23.994,29.337,29.337,29.618,30.638,31.409,32.233,2021,
Tunisia,"Gross domestic product, current prices",U.S. dollars,Billions,"See notes for:  Gross domestic product, current prices (National currency).",42.516,46.842,46.282,46.023,48.102,50.602,53.140,55.687,2021,
Türkiye,"Gross domestic product, current prices",U.S. dollars,Billions,"See notes for:  Gross domestic product, current prices (National currency).",720.110,817.508,853.487,941.551,"1,037.858","1,133.981","1,239.077","1,354.314",2021,
Turkmenistan,"Gross domestic product, current prices",U.S. dollars,Billions,"See notes for:  Gross domestic product, current prices (National currency).",53.187,62.202,74.439,82.365,89.564,97.669,106.555,116.423,2020,
Tuvalu,"Gross domestic product, current prices",U.S. dollars,Billions,"See notes for:  Gross domestic product, current prices (National currency).",0.055,0.063,0.064,0.068,0.073,0.078,0.084,0.089,2019,
Uganda,"Gross domestic product, current prices",U.S. dollars,Billions,"See notes for:  Gross domestic product, current prices (National currency).",37.519,42.959,48.352,52.397,57.691,62.824,69.294,75.406,2021,
Ukraine,"Gross domestic product, current prices",U.S. dollars,Billions,"See notes for:  Gross domestic product, current prices (National currency).",156.418,199.719,n/a,n/a,n/a,n/a,n/a,n/a,2020,
United Arab Emirates,"Gross domestic product, current prices",U.S. dollars,Billions,"See notes for:  Gross domestic product, current prices (National currency).",358.869,419.762,503.913,519.046,538.187,560.702,587.019,617.476,2020,
United Kingdom,"Gross domestic product, current prices",U.S. dollars,Billions,"See notes for:  Gross domestic product, current prices (National currency).","2,758.870","3,187.626","3,198.470","3,479.468","3,757.403","3,969.887","4,217.743","4,449.753",2020,
United States,"Gross domestic product, current prices",U.S. dollars,Billions,"See notes for:  Gross domestic product, current prices (National currency).","20,893.750","22,996.075","25,035.164","26,185.210","27,057.202","28,045.305","29,165.531","30,281.524",2021,
Uruguay,"Gross domestic product, current prices",U.S. dollars,Billions,"See notes for:  Gross domestic product, current prices (National currency).",53.698,59.294,71.161,72.986,74.848,77.593,79.633,81.995,2020,
Uzbekistan,"Gross domestic product, current prices",U.S. dollars,Billions,"See notes for:  Gross domestic product, current prices (National currency).",59.893,69.202,79.117,91.895,106.989,121.546,136.376,152.631,2021,
Vanuatu,"Gross domestic product, current prices",U.S. dollars,Billions,"See notes for:  Gross domestic product, current prices (National currency).",0.994,0.927,0.984,1.040,1.108,1.187,1.261,1.338,2019,
Venezuela,"Gross domestic product, current prices",U.S. dollars,Billions,"See notes for:  Gross domestic product, current prices (National currency).",44.953,59.513,82.145,86.704,n/a,n/a,n/a,n/a,2018,
Vietnam,"Gross domestic product, current prices",U.S. dollars,Billions,"See notes for:  Gross domestic product, current prices (National currency).",342.941,366.201,413.808,469.620,517.642,569.146,624.400,682.853,2021,
West Bank and Gaza,"Gross domestic product, current prices",U.S. dollars,Billions,"See notes for:  Gross domestic product, current prices (National currency).",15.532,18.037,18.818,19.398,20.186,20.925,21.637,22.522,2021,
Yemen,"Gross domestic product, current prices",U.S. dollars,Billions,"See notes for:  Gross domestic product, current prices (National currency).",18.850,19.911,27.594,28.099,30.154,32.953,36.561,40.901,2020,
Zambia,"Gross domestic product, current prices",U.S. dollars,Billions,"See notes for:  Gross domestic product, current prices (National currency).",18.111,21.313,27.025,28.798,30.966,33.313,35.945,38.801,2021,
Zimbabwe,"Gross domestic product, current prices",U.S. dollars,Billions,"See notes for:  Gross domestic product, current prices (National currency).",23.181,32.868,38.280,37.303,38.708,38.794,38.678,40.397,2019,
,,,,,,,,,,,,,,
"International Monetary Fund, World Economic Outlook Database, October 2022",,,,,,,,,,,,,,